<?xml version="1.0" encoding="utf-8"?>
<metadata>
	<layout title="COM_IPROPERTY_COMPANY_PARAMS">
		<message>
			<![CDATA[COM_IPROPERTY_COMPANY_PARAMS_DESC]]>
		</message>
	</layout>
    <fields name="params">
        <field name="maxlistings" type="text" default="" label="COM_IPROPERTY_MAXIMUM_LISTINGS" description="COM_IPROPERTY_MAXIMUM_LISTINGS_DESC" />
        <field name="maxagents" type="text" default="" label="COM_IPROPERTY_MAXIMUM_AGENTS" description="COM_IPROPERTY_MAXIMUM_AGENTS_DESC" />
    </fields>
</metadata>