<?xml version="1.0" encoding="utf-8"?>
<extension version="3.1" type="plugin" group="authentication" method="upgrade">
	<name>ExtraWatch Login Form Anti-Spam Check</name>
	<author>ExtraWatch FREE by CodeGravity.com - http://www.extrawatch.com</author>
	<creationDate>2016</creationDate>
	<copyright>Copyright (C) 2005 - 2015 ExtraWatch.com. All rights reserved.</copyright>
	<license>GNU General Public License version 2 or later; see LICENSE.txt</license>
	<authorEmail></authorEmail>
	<authorUrl>www.extrawatch.com</authorUrl>
	<version>2.3.2650</version>
	<description>Joomla ExtraWatch Auth Plugin</description>
	<files>
		<filename plugin="extrawatch">extrawatch.php</filename>
	</files>
</extension>
