<?xml version="1.0" encoding="utf-8"?>
<extension type="module" version="3.4.0" client="site" method="install">
	<name>mod_tm_ajax_contact_form</name>
	<author>TemplateMonster</author>
	<creationDate>August ,2014</creationDate>
	<copyright>Copyright (c) 2012-2015 by TemplateMonster - www.templatemonster.com</copyright>
	<license>Licensed under the GNU/GPLv2:  http://www.opensource.org/licenses/mit-license.php</license>
	<authorEmail></authorEmail>
	<authorUrl>www.templatemonster.com</authorUrl>
	<version>2.1.0</version>
	<description>MOD_TM_AJAX_CONTACT_FORM_XML_DESCRIPTION</description>
	<files>
		<filename module="mod_tm_ajax_contact_form">mod_tm_ajax_contact_form.php</filename>
		<folder>css</folder>
		<folder>fields</folder>
		<folder>images</folder>
		<folder>js</folder>
		<folder>tmpl</folder>
		<filename>helper.php</filename>
		<filename>index.html</filename>
		<filename>mod_tm_ajax_contact_form.xml</filename>
	</files>
	<languages>
		<language tag="en-GB">language/en-GB/en-GB.mod_tm_ajax_contact_form.ini</language>
		<language tag="en-GB">language/en-GB/en-GB.mod_tm_ajax_contact_form.sys.ini</language>
	</languages>
	<config>
		<fields name="params">
			<fieldset 
				name="module_settings" 
				label="MOD_TM_AJAX_CONTACT_FORM_MODULE_SETTINGS"
				addfieldpath="/modules/mod_tm_ajax_contact_form/fields">
				<field
					type="textarea"
					name="pretext"
					rows="5"
					cols="5"
					label="MOD_TM_AJAX_CONTACT_FORM_PRETEXT_LABEL"
					description="MOD_TM_AJAX_CONTACT_FORM_PRETEXT_DESC">
				</field>
				<field name="fields_list"
					type="fields"
					icon="list"
					description="MOD_TM_AJAX_CONTACT_FORM_FIELD_FIELDS_DESC"
					label="MOD_TM_AJAX_CONTACT_FORM_FIELD_FIELDS_LABEL"
					default="{'label':['Name','Email','Message'],'name':['name','email','message'],'type':['text','email','textarea'],'req':['1','1','1'],'bootstrap_size':['6','6','12']}">
					<fields name="params">
						<fieldset hidden="true" name="fields_list_fields" repeat="true">
							<field 
								name="label" 
								type="text" 
								label="MOD_TM_AJAX_CONTACT_FORM_LABEL_LABEL"
								description="MOD_TM_AJAX_CONTACT_FORM_LABEL_DESC"
							/>
							<field 
								name="name" 
								type="text" 
								label="MOD_TM_AJAX_CONTACT_FORM_NAME_LABEL"
								description="MOD_TM_AJAX_CONTACT_FORM_NAME_DESC"
							/>
							<field
								name="type"
								type="list"
								label="MOD_TM_AJAX_CONTACT_FORM_TYPE_LABEL"
								description="MOD_TM_AJAX_CONTACT_FORM_TYPE_DESC"
							>
							  <option value="text">text</option>
							  <option value="email">email</option>
							  <option value="tel">tel</option>
							  <option value="url">url</option>
							  <option value="select">select</option>
							  <option value="textarea">textarea</option>
							</field>
							<field name="options_list"
								type="repeatablefix"
								icon="list"
								description="MOD_TM_AJAX_CONTACT_FORM_FIELD_OPTIONS_DESC"
								label="MOD_TM_AJAX_CONTACT_FORM_FIELD_OPTIONS_LABEL">
								<fields name="params">
									<fieldset hidden="true" name="options_list_modal" repeat="true">
										<field name="option_name"
											label="MOD_TM_AJAX_CONTACT_FORM_FIELD_OPTION_NAME_LABEL"
											description="MOD_TM_AJAX_CONTACT_FORM_FIELD_OPTION_NAME_DESC"
											size="30"
											type="text" />
										<field name="option_value"
											label="MOD_TM_AJAX_CONTACT_FORM_FIELD_OPTION_VALUE_LABEL"
											description="MOD_TM_AJAX_CONTACT_FORM_FIELD_OPTION_VALUE_DESC"
											size="30"
											type="text" />
									</fieldset>
								</fields>
							</field>
							<field name="title"
								label="MOD_TM_AJAX_CONTACT_FORM_FIELD_TITLE_LABEL"
								description="MOD_TM_AJAX_CONTACT_FORM_FIELD_TITLE_DESC"
								type="text"
							/>
							<field 
								name="req" 
								type="radio"
								class="btn-group btn-group-yesno"
								default="1"
								label="JREQUIRED"
								description="MOD_TM_AJAX_CONTACT_FORM_FIELD_REQUIRED_DESC">
								<option	value="0">JNO</option>
								<option	value="1">JYES</option>
							</field>
							<field
								name="bootstrap_size"
								type="integer"
								first="0"
								last="12"
								step="1"
								label="COM_MODULES_FIELD_BOOTSTRAP_SIZE_LABEL"
								description="MOD_TM_AJAX_CONTACT_FORM_FIELD_BOOTSTRAP_SIZE_DESC"
							/>
						</fieldset>
					</fields>
				</field>
				<field 
					name="admin_email" 
					type="email" 
					label="MOD_TM_AJAX_CONTACT_FORM_ADMIN_EMAIL_LABEL" 
					default=""
					required="true" />
				<field 
					name="cc_email" 
					type="email" 
					description="MOD_TM_AJAX_CONTACT_FORM_CC_DESC" 
					label="MOD_TM_AJAX_CONTACT_FORM_CC_LABEL" 
					default="" />
				<field 
					name="bcc_email" 
					type="email" 
					description="MOD_TM_AJAX_CONTACT_FORM_BCC_DESC" 
					label="MOD_TM_AJAX_CONTACT_FORM_BCC_LABEL"
					default="" />
				<field 
					name="success_notify" 
					type="text" 
					description="MOD_TM_AJAX_CONTACT_FORM_SUCCESS_DESC" 
					label="MOD_TM_AJAX_CONTACT_FORM_SUCCESS_LABEL" 
					default="Thank You! Your message has been sent." />
				<field 
					name="failure_notify"
					type="text" 
					description="MOD_TM_AJAX_CONTACT_FORM_ERROR_DESC" 
					label="MOD_TM_AJAX_CONTACT_FORM_ERROR_LABEL" 
					default="Something went wrong, please try again later." />
				<field 
					name="captcha_failure_notify" 
					type="text" 
					description="MOD_TM_AJAX_CONTACT_FORM_CAPTCHA_ERROR_DESC" 
					label="MOD_TM_AJAX_CONTACT_FORM_CAPTCHA_ERROR_LABEL" 
					default="Please enter a correct Captcha answer." />
				<field 
					type="spacer" 
					name="myspacer" 
					label="MOD_TM_AJAX_CONTACT_FORM_CAPTHA_KEYS" />
				<field 
					name="captcha_req" 
					type="radio" 
					class="btn-group" 
					default="0" 
					label="MOD_TM_AJAX_CONTACT_FORM_CAPTCHA_LABEL" 
					description="MOD_TM_AJAX_CONTACT_FORM_CAPTCHA_DESC">
					<option	value="1">JREQUIRED</option>
					<option	value="0">MOD_TM_AJAX_CONTACT_FORM_NOT_JREQUIRED</option>
				</field>
				<field 
					name="reset_publish" 
					type="radio" 
					class="btn-group" 
					default="1" 
					label="MOD_TM_AJAX_CONTACT_FORM_RESET_LABEL" 
					description="MOD_TM_AJAX_CONTACT_FORM_RESET_DESC"
				>
					<option	value="1">JPUBLISHED</option>
					<option	value="0">JUNPUBLISHED</option>
				</field>
				<field 
					name="br_name" 
					type="text" 
					description="MOD_TM_AJAX_CONTACT_FORM_RESET_NAME_LABEL" 
					label="MOD_TM_AJAX_CONTACT_FORM_RESET_NAME_DESC" 
					default="Clear" />
				<field 
					name="bs_name" 
					type="text" 
					description="MOD_TM_AJAX_CONTACT_FORM_SUBMIT_NAME_LABEL" 
					label="MOD_TM_AJAX_CONTACT_FORM_SUBMIT_NAME_DESC" 
					default="Send" />
				<field 
					name="labels_pos" 
					type="radio" 
					class="btn-group" 
					default="1" 
					label="MOD_TM_AJAX_CONTACT_FORM_LABELS_POS_LABEL" 
					description="MOD_TM_AJAX_CONTACT_FORM_LABELS_POS_DESC"
				>
					<option	value="1">MOD_TM_AJAX_CONTACT_FORM_INSIDE</option>
					<option	value="0">MOD_TM_AJAX_CONTACT_FORM_OUTSIDE</option>
				</field>

				<field 
					name="textarea_minlength"
					type="text" 
					description="MOD_TM_AJAX_CONTACT_FORM_TAMINLENGTH_DESC" 
					label="MOD_TM_AJAX_CONTACT_FORM_TAMINLENGTH_LABEL" 
					default="20" />
			</fieldset>	
			<fieldset 
				name="advanced">
				<field 
					name="moduleclass_sfx" 
					type="text" 
					label="COM_MODULES_FIELD_MODULECLASS_SFX_LABEL" 
					description="COM_MODULES_FIELD_MODULECLASS_SFX_DESC" />

				<field
					name="layout"
					type="modulelayout"
					label="JFIELD_ALT_LAYOUT_LABEL"
					description="JFIELD_ALT_MODULE_LAYOUT_DESC" />
			</fieldset>
		</fields>
	</config>
</extension>