<?xml version="1.0" encoding="UTF-8" ?>
<extension type="package" version="3.3">
    <name>ExtraWatch</name>
    <creationDate>2016</creationDate>
    <author>ExtraWatch FREE by CodeGravity.com - http://www.extrawatch.com</author>
    <copyright>Copyright 2006-2016 by CodeGravity.com</copyright>
    <authorEmail>support@extrawatch.com</authorEmail>
    <authorUrl>http://www.extrawatch.com</authorUrl>
    <packagename>ExtraWatch</packagename>
    <version>2.3.2650</version>
    <license>http://www.gnu.org/licenses/gpl-3.0.txt GNU/GPLv3</license>
    <url>http://www.extrawatch.com</url>
    <packager>CodeGravity.com - http://www.extrawatch.com</packager>
    <packagerurl>http://www.extrawatch.com</packagerurl>
    <description>
        <b>ExtraWatch component and modules installed successfully</b>
    </description>
    <files>
        <file type="component" id="com_extrawatch" >com_extrawatch.zip</file>
        <file type="module" id="mod_extrawatch_agent" client="site">mod_extrawatch_agent.zip</file>
        <file type="module" id="mod_extrawatch_users" client="site">mod_extrawatch_users.zip</file>
        <file type="module" id="mod_extrawatch_visitors" client="site">mod_extrawatch_visitors.zip</file>
    </files>
	
   
    <scriptfile>script.pkg.extrawatch.php</scriptfile>
</extension>