<?xml version="1.0" encoding="UTF-8"?>
<install version="1.5.0" type="component">
    <name>ExtraWatch</name>
    <creationDate>2016</creationDate>
    <author>ExtraWatch FREE by CodeGravity.com - http://www.extrawatch.com</author>
    <copyright>Copyright 2006-2016 by CodeGravity.com</copyright>
    <authorEmail>support@extrawatch.com</authorEmail>
    <authorUrl>http://www.extrawatch.com</authorUrl>
    <version>2.3.2650</version>
    <license>http://www.gnu.org/licenses/gpl-3.0.txt GNU/GPLv3</license>
    <description>
        ExtraWatch is an AJAX component and module for Joomla CMS that allows you to watch
        your website visitors and bots in real-time from the administration menu. Specially
        their IP addresses, countries they come from, geographical location on a map, which
        pages they are viewing, their browser and operating system, it creates daily and
        all-time stats from these information plus unique, pageload and total hits statistics.
        Furthermore, you can block harmful IP addresses, see blocked attempts stats, evaluate
        the trend charts, and create goals based on many parameters. In the frontend, it can
        show the top countries information and visit counts for certain periods of time.
    </description>

    <install>
        <sql>
            <file driver="mysql" charset="utf8">sql/install.mysql.utf8.sql</file>
            <file driver="mysql">sql/install.mysql.utf8.sql</file>
            <file driver="mysqli" charset="utf8">sql/install.mysql.utf8.sql</file>
            <file driver="mysqli">sql/install.mysql.utf8.sql</file>
        </sql>
    </install>

    <files>
        <folder>ajax</folder>
        <folder>css</folder>
        <folder>img</folder>
        <folder>js</folder>
        <folder>lang</folder>
        <folder>log</folder>
        <folder>src</folder>
        <folder>view</folder>
        <folder>sql</folder>
        <folder>data</folder>
        <folder>lib</folder>

        <filename>config.php</filename>
        <filename>includes.php</filename>
        <filename>index.html</filename>
        <filename>INSTALL.txt</filename>
        <filename>LICENSE.txt</filename>
        <filename>README.txt</filename>
        <filename>TERMS_AND_CONDITIONS.txt</filename>
        <filename>timezone.php</filename>

        <filename>extrawatch.php</filename>
        <filename>controller.php</filename>
        <filename>router.php</filename>

    </files>

    <installfile>install.extrawatch.php</installfile>
    <uninstallfile>uninstall.extrawatch.php</uninstallfile>

    <administration>
        <menu>ExtraWatch</menu>
        <files>
			<folder>admin</folder>
			<folder>sql</folder>
            <filename>admin.extrawatch.php</filename>
        </files>
    </administration>
</install>
